ad-4nxfbo78zyaen5cnyfhv5vsyqzipqxzbzs8xwtkcpuhms-800c8f80.png	6a82d2d08914f54cb88300f2	20260817T092224Z	821831bfc7d9e0408d71c5afbc03b67846faf59bfb89e641a385ff2d0ad7f4ae	image/png
d9888223.png	6a82d2d0fa450f58b09a4a95	20260817T092224Z	d3de03cc0a15ad8562216c8ffe56620c4cdd96dea23415dc8eb43c8c9a966d15	image/png
de5b57ba.png	6a82d2d0fd55a6d8c4ed5994	20260817T092224Z	fae86d471d296c35190a054971913deac547a493695fc69523edd7dc115a0750	image/png
30a7c9b8.png	6a82d2d01171b6d9b0392a74	20260817T092224Z	f5cede1f5b6a77f2cdccb054b5a041036cc4c5c5f2783f726d64bc3645464812	image/png
4f72c0f4.png	6a82d2d03addaf3982bdca5a	20260817T092225Z	b496fc4c86ff501420fabe2efe396787ba3599a10bd1f9287a49ade3fc9fcad5	image/png
e93ee0e4.png	6a82d2d1eb775cf25549b0f1	20260817T092225Z	d074804b9c4d8a2ec6b171ced2294c73c01cfc7a6a5c14a5e03381b877ee2a0a	image/png
adkq-nakkdywdj1apzfnfpnmb0mu9jrhfmly7zpkvqx9nxsv-f2443826.jpeg	6a82d2d18914f54cb8830159	20260817T092225Z	af3c81195ebecc974e73a0d9b5febe15f62e7a584d967170caf7d8f446799187	image/jpeg
adkq-naoeql2tme3oyrzfllg0i86akv58obujvip05db6kxw-78e02b9c.jpeg	6a82d2d11171b6d9b0392aaa	20260817T092225Z	d715900275aed175fc81cd8ba736b4a7ba59ed41bd477bc99d8eb99a52022569	image/jpeg
adkq-nbclbkogsquxagbtcc0jpqcfo1errci-gjuohfkw6jc-caff30ad.jpeg	6a82d2d13addaf3982bdcad0	20260817T092225Z	fcb948c016c47eb16954ba396a61041919322af0db9d00ad9fb3be2948078e48	image/jpeg
image-2.png	6a82d2d1cbc33d8b21584937	20260817T092225Z	69645423eddebaef0ca53afd0baa9f94f164059e36c780930c294f7c965f2234	image/png
image-3-1.png	6a82d2d1eb775cf25549b193	20260817T092225Z	40996090c78559bb05b353aa9d0863b34cbe10c1fbb72b3aa25c2b4d9dd38d4f	image/png
